REPLAY ,PLAYER,TIMESTAMP,SPEEDFLIP
4DF9EDC5459A2D84582F47975B627584.replay,Metsanauris,0:05,✅
4DF9EDC5459A2D84582F47975B627584.replay,Metsanauris,0:07,✅
4DF9EDC5459A2D84582F47975B627584.replay,Metsanauris,0:09,✅
4DF9EDC5459A2D84582F47975B627584.replay,Metsanauris,0:19,✅
4DF9EDC5459A2D84582F47975B627584.replay,Metsanauris,0:51,✅
4DF9EDC5459A2D84582F47975B627584.replay,Metsanauris,0:59,✅
4DF9EDC5459A2D84582F47975B627584.replay,Metsanauris,1:01,✅
4DF9EDC5459A2D84582F47975B627584.replay,Metsanauris,1:22,✅
4DF9EDC5459A2D84582F47975B627584.replay,Metsanauris,2:31,✅
4DF9EDC5459A2D84582F47975B627584.replay,Metsanauris,2:33,✅
4DF9EDC5459A2D84582F47975B627584.replay,Metsanauris,2:35,✅
4DF9EDC5459A2D84582F47975B627584.replay,Metsanauris,3:00,✅
4DF9EDC5459A2D84582F47975B627584.replay,Metsanauris,3:19,✅
4DF9EDC5459A2D84582F47975B627584.replay,Metsanauris,3:32,✅
4DF9EDC5459A2D84582F47975B627584.replay,Metsanauris,3:38,✅
4DF9EDC5459A2D84582F47975B627584.replay,Metsanauris,4:08,✅
4DF9EDC5459A2D84582F47975B627584.replay,Metsanauris,4:20,✅
4DF9EDC5459A2D84582F47975B627584.replay,Metsanauris,4:36,✅
4DF9EDC5459A2D84582F47975B627584.replay,Metsanauris,4:38,✅
4DF9EDC5459A2D84582F47975B627584.replay,Metsanauris,4:44,✅
4DF9EDC5459A2D84582F47975B627584.replay,Metsanauris,5:20,✅
4DF9EDC5459A2D84582F47975B627584.replay,Yisulppzz,0:19,✅
4DF9EDC5459A2D84582F47975B627584.replay,Yisulppzz,0:24,✅
4DF9EDC5459A2D84582F47975B627584.replay,Yisulppzz,0:28,✅
4DF9EDC5459A2D84582F47975B627584.replay,Yisulppzz,1:05,✅
4DF9EDC5459A2D84582F47975B627584.replay,Yisulppzz,1:50,✅
4DF9EDC5459A2D84582F47975B627584.replay,Yisulppzz,2:40,✅
4DF9EDC5459A2D84582F47975B627584.replay,Yisulppzz,2:52,✅
4DF9EDC5459A2D84582F47975B627584.replay,Yisulppzz,3:28,✅
4DF9EDC5459A2D84582F47975B627584.replay,Yisulppzz,3:53,✅
4DF9EDC5459A2D84582F47975B627584.replay,Yisulppzz,4:19,✅
4DF9EDC5459A2D84582F47975B627584.replay,Yisulppzz,4:38,✅
4DF9EDC5459A2D84582F47975B627584.replay,!evas a tahW,0:04,✅
4DF9EDC5459A2D84582F47975B627584.replay,!evas a tahW,0:09,✅
4DF9EDC5459A2D84582F47975B627584.replay,!evas a tahW,0:19,✅
4DF9EDC5459A2D84582F47975B627584.replay,!evas a tahW,0:30,✅
4DF9EDC5459A2D84582F47975B627584.replay,!evas a tahW,0:35,✅
4DF9EDC5459A2D84582F47975B627584.replay,!evas a tahW,1:06,✅
4DF9EDC5459A2D84582F47975B627584.replay,!evas a tahW,1:16,✅
4DF9EDC5459A2D84582F47975B627584.replay,!evas a tahW,1:18,✅
4DF9EDC5459A2D84582F47975B627584.replay,!evas a tahW,1:20,✅
4DF9EDC5459A2D84582F47975B627584.replay,!evas a tahW,1:22,✅
4DF9EDC5459A2D84582F47975B627584.replay,!evas a tahW,1:33,✅
4DF9EDC5459A2D84582F47975B627584.replay,!evas a tahW,1:45,✅
4DF9EDC5459A2D84582F47975B627584.replay,!evas a tahW,2:05,✅
4DF9EDC5459A2D84582F47975B627584.replay,!evas a tahW,2:17,✅
4DF9EDC5459A2D84582F47975B627584.replay,!evas a tahW,2:35,✅
4DF9EDC5459A2D84582F47975B627584.replay,!evas a tahW,2:37,✅
4DF9EDC5459A2D84582F47975B627584.replay,!evas a tahW,2:40,✅
4DF9EDC5459A2D84582F47975B627584.replay,!evas a tahW,3:00,✅
4DF9EDC5459A2D84582F47975B627584.replay,!evas a tahW,3:14,✅
4DF9EDC5459A2D84582F47975B627584.replay,!evas a tahW,3:20,✅
4DF9EDC5459A2D84582F47975B627584.replay,!evas a tahW,3:26,✅
4DF9EDC5459A2D84582F47975B627584.replay,!evas a tahW,3:31,✅
4DF9EDC5459A2D84582F47975B627584.replay,!evas a tahW,3:38,✅
4DF9EDC5459A2D84582F47975B627584.replay,!evas a tahW,4:38,✅
4DF9EDC5459A2D84582F47975B627584.replay,!evas a tahW,4:45,✅
4DF9EDC5459A2D84582F47975B627584.replay,!evas a tahW,4:59,✅
4DF9EDC5459A2D84582F47975B627584.replay,!evas a tahW,5:22,✅
4DF9EDC5459A2D84582F47975B627584.replay,1irpmaL,0:19,✅
4DF9EDC5459A2D84582F47975B627584.replay,1irpmaL,0:23,✅
4DF9EDC5459A2D84582F47975B627584.replay,1irpmaL,1:27,✅
4DF9EDC5459A2D84582F47975B627584.replay,1irpmaL,1:40,✅
4DF9EDC5459A2D84582F47975B627584.replay,1irpmaL,1:47,✅
4DF9EDC5459A2D84582F47975B627584.replay,1irpmaL,1:49,✅
4DF9EDC5459A2D84582F47975B627584.replay,1irpmaL,2:27,✅
4DF9EDC5459A2D84582F47975B627584.replay,1irpmaL,2:35,✅
4DF9EDC5459A2D84582F47975B627584.replay,1irpmaL,2:43,✅
4DF9EDC5459A2D84582F47975B627584.replay,1irpmaL,3:01,✅
4DF9EDC5459A2D84582F47975B627584.replay,1irpmaL,3:15,✅
4DF9EDC5459A2D84582F47975B627584.replay,1irpmaL,3:42,✅
4DF9EDC5459A2D84582F47975B627584.replay,1irpmaL,4:09,✅
4DF9EDC5459A2D84582F47975B627584.replay,1irpmaL,4:33,✅
4DF9EDC5459A2D84582F47975B627584.replay,1irpmaL,4:44,✅
4DF9EDC5459A2D84582F47975B627584.replay,1irpmaL,5:00,✅